{
    "evaluation_data_path": "../data/zmean_test_10_with_teacher_scores.tsv",
    "evaluation_timestamp_utc": "2025-06-12T13:52:39.803089",
    "num_samples": 14477,
    "metrics": {
        "mse": 0.24342484772205353,
        "mae": 0.4225156307220459,
        "rmse": 0.49338103705154046,
        "r2": -6.606204986572266,
        "pearson_r": 0.14664380252361298
    }
}